Current Price,Original Price,Discount,Brand,Rating,Review Count,Appliances
141700,163914,14%,Nexus,4.3,593,Appliances
381600,470880,19%,Glamstar,4.6,216,Appliances
6100,6369,4%,Syinix,4,3209,Appliances
24990,27036,8%,SILVER CREST,3.9,11291,Appliances
6700,7011,4%,HANSEN,3.9,1432,Appliances
19012,N/A,N/A,SOLITEC,3.9,3422,Appliances
22600,23651,4%,SILVER CREST,3.8,5674,Appliances
16499,17615,6%,Boscon,3.5,486,Appliances
187999,220399,15%,Hisense,4.2,1670,Appliances
36785,N/A,N/A,SILVER CREST,4.4,40,Appliances
12985,15063,14%,Binatone,4,2483,Appliances
18999,20058,5%,SOLITEC,3.9,611,Appliances
76999,81000,5%,Hisense,4.4,200,Appliances
20057,N/A,N/A,HANSEN,4.2,119,Appliances
12800,13967,8%,N/A,4.1,734,Appliances
7849,N/A,N/A,Generic,4.1,86,Appliances
139000,142000,2%,Aeon,4.2,84,Appliances
27300,31668,14%,Binatone,4.2,212,Appliances
47900,58250,18%,N/A,4.1,737,Appliances
188490,210000,10%,Skyrun,3.7,237,Appliances
14835,17209,14%,Binatone,4,6515,Appliances
43580,N/A,N/A,N/A,4.1,461,Appliances
48500,65000,25%,Panasonic,4.3,137,Appliances
28400,45000,37%,SILVER CREST,4.1,78,Appliances
40000,42532,6%,Hc,4.1,480,Appliances
174000,211119,18%,Aeon,4.3,29,Appliances
136000,157760,14%,Aeon,4.2,28,Appliances
162750,190820,15%,Aeon,3.8,17,Appliances
6983,N/A,N/A,N/A,4,173,Appliances
28500,45000,37%,SILVER CREST,4.1,109,Appliances
6983,N/A,N/A,Syinix,4,206,Appliances
11759,N/A,N/A,N/A,4.4,278,Appliances
45000,96000,53%,Pinnacle,4.3,303,Appliances
28390,45000,37%,SILVER CREST,3.9,3642,Appliances
17069,N/A,N/A,Boscon,3.8,1987,Appliances
8900,19000,53%,Syinix,4,116,Appliances
36000,75500,52%,N/A,4.1,969,Appliances
11500,31800,64%,HANSEN,3.8,13,Appliances
19990,40000,50%,itel,4.3,24,Appliances
16500,40000,59%,N/A,4.1,75,Appliances
26780,32900,19%,Nexus,4.1,3855,Appliances
144900,146280,1%,Skyrun,4.1,617,Appliances
14540,120000,88%,N/A,4.3,220,Appliances
120671,N/A,N/A,N/A,4,523,Appliances
299600,353046,15%,Nexus,4.3,205,Appliances
146000,176523,17%,Aeon,4,21,Appliances
3140,6280,50%,Cloudoon,3.7,261,Appliances
244650,279600,13%,Skyrun,4.3,72,Appliances
8700,10000,13%,Generic,4.1,95,Appliances
217300,223450,3%,Aeon,4,25,Appliances
35000,40000,13%,N/A,3.8,23,Appliances
147150,170218,14%,N/A,4.2,1140,Appliances
39000,55870,30%,N/A,3.8,164,Appliances
11834,28171,58%,N/A,4,500,Appliances
179500,208220,14%,Aeon,4.1,10,Appliances
11700,N/A,N/A,Goldcrown,4.1,1023,Appliances
286200,343440,17%,Nexus,4.4,231,Appliances
6100,8000,24%,Feng Cheng,3.7,584,Appliances
27000,45000,40%,N/A,3.6,25,Appliances
66999,69274,3%,N/A,4.2,612,Appliances
307172,345610,11%,Hisense,4,79,Appliances
309974,309975,1%,Skyrun,4.2,146,Appliances
5300,N/A,N/A,N/A,4.2,45,Appliances
29000,35900,19%,Qasa,4.4,51,Appliances
3795,13000,71%,Generic,3.8,224,Appliances
7200,8500,15%,N/A,3.8,71,Appliances
8999,20000,55%,Generic,4.5,99,Appliances
5950,N/A,N/A,N/A,3.2,5,Appliances
24999,N/A,N/A,Generic,4.5,10,Appliances
225750,261870,14%,Skyrun,4.3,452,Appliances
9405,10395,10%,Generic,3.4,47,Appliances
29449,72490,59%,Ox,4.1,120,Appliances
11800,15000,21%,Generic,4.1,160,Appliances
3795,13650,72%,Generic,3.8,116,Appliances
112784,135700,17%,Sun King,4.1,1426,Appliances
2965,9984,70%,Generic,4,5,Appliances
12854,30938,58%,N/A,4.5,43,Appliances
209254,237510,12%,Skyrun,4,86,Appliances
265650,308154,14%,Skyrun,4.3,676,Appliances
84270,97075,13%,Hisense,4.5,76,Appliances
12854,30938,58%,N/A,4.5,43,Appliances
18500,33000,44%,Philips,3.7,135,Appliances
28400,45000,37%,SILVER CREST,4.2,116,Appliances
14400,N/A,N/A,N/A,3.9,53,Appliances
25200,35000,28%,Generic,4,92,Appliances
15000,28500,47%,Generic,4.1,101,Appliances
7500,N/A,N/A,Scarlett,5,1,Appliances
47000,49430,5%,Hc,4.1,194,Appliances
7200,9999,28%,N/A,4,15,Appliances
58656,201379,71%,Generic,4.1,52,Appliances
8990,20000,55%,Generic,4.3,132,Appliances
6535,N/A,N/A,Boscon,4.1,116,Appliances
43500,65000,33%,SILVER CREST,4.1,370,Appliances
39600,55000,28%,Master Chef,3.7,129,Appliances
229990,247126,7%,Meling,4,156,Appliances
11564,40250,71%,N/A,4.1,634,Appliances
5700,19800,71%,N/A,3.9,192,Appliances
29490,120000,75%,Ox,4.2,428,Appliances
33500,45000,26%,Generic,4.2,19,Appliances
16500,31000,47%,N/A,3,4,Appliances
